COUNTRY,BACKGROUND,BORDER,DIV_BOX,DIV_BOX_BORDER,DIV_COLOR,HQ_COLOR,ATTACK_BOX,DEF_BOX,MOVE_BOX
RU,#cb641f,#000000,#b30000,#000000,RNG,RNG,#b00000,#008000,#008080
DE,#7e9895,#000000,#000000,#ffffff,RNG,#ffffff,#b00000,#008000,#008080
DE-SS,#000000,#ffffff,#000000,#ffffff,RNG,#ffffff,#b00000,#008000,#008080
HU,#88aa00,#000000,#000000,#ffffff,RNG,#ffffff,#b00000,#008000,#008080
RO2,#EBC2FF ,#000000,#BC9BCC,#000000,RNG,#ffffff,#b00000,#008000,#008080
RO,#826c56,#000000,#5B4C3C,#000000,RNG,RNG,#b00000,#008000,#008080
UT,#A9A9A9,#000000,#000000,#000000,RNG,#ffffff,#b00000,#008000,#008080
JU,#B8860B,#000000,#654321,#000000,RNG,#ffffff,#b00000,#008000,#008080
BG,#E9967A,#000000,#CD5C5C,#000000,RNG,RNG,#b00000,#008000,#008080
